url,更新頻度,title,description,provider,providerType,field,format,audience,purpose,scale,level,txn,priceNum,access,topics,year_since
https://4d2u.nao.ac.jp/mitaka/,年次,4次元デジタル宇宙ビューワー Mitaka,観測データと理論モデルをもとに太陽系から宇宙の大規模構造までを可視化する無料ソフト。地球を離れて自由に移動でき、天体の運動や宇宙の階層構造を自分の操作で観察できる。,国立天文台4次元デジタル宇宙プロジェクト,大学・研究機関,宇宙・天文,アプリ,中学生|高校生|大学生・院生|社会人,知識習得|興味喚起,1人,初級,無料,0,,宇宙|可視化|天文学|シミュレーション,2003
https://www.megastar.jp/,月次,HOMESTAR（家庭用プラネタリウム）／大平技研,プラネタリウム・クリエイター大平貴之の大平技研が開発。世界最高峰MEGASTARの技術を家庭用に。部屋いっぱいに数万個の星空を投影する光学式プラネタリウム。,大平技研株式会社,企業・メーカー,宇宙・天文,観察器具,全年齢,興味喚起|エンタメ|知識習得,1人,入門,購入（買い切り）,13200,,プラネタリウム|星空|天文|投影,2005
https://edu.jaxa.jp/,月次,JAXA宇宙教育センター,宇宙航空研究開発機構が運営する宇宙教育の拠点です。授業で使える教材の提供や体験プログラム、指導者育成を通じ、子どもたちに宇宙をテーマとした学びの機会を全国で届けている。,宇宙航空研究開発機構（JAXA）,大学・研究機関,宇宙・天文,出張授業,小学生|中学生|高校生,知識習得|興味喚起|探究・自由研究,中規模（10〜50）,入門,無料,0,オンライン参加可,宇宙|JAXA|宇宙教育|教材,2003
https://edu.jaxa.jp/activities/cosmic/,月次,JAXA宇宙教育センター「コズミックカレッジ」,JAXAが提供する小・中学生向けの体験型宇宙教育プログラム。水ロケットなどの実験・工作を通じて宇宙の不思議に触れる。全国で地域主催により開催。,宇宙航空研究開発機構（JAXA）,自治体・公的機関,宇宙・天文,ワークショップ,小学生|中学生,興味喚起|知識習得,中規模（10〜50）,入門,無料,0,,宇宙|ロケット|実験|工作,2005
https://www.kenko-tokina.co.jp/optics/telescope.html,手動,ケンコー・トキナー 天体望遠鏡,国産天体望遠鏡の草分けとして知られるメーカーのラインアップ。月のクレーターや惑星を観察できる入門機から拡張性のある分割式鏡筒システムまで用意している。,株式会社ケンコー・トキナー,企業・メーカー,宇宙・天文,観察器具,中学生|高校生|社会人,興味喚起|探究・自由研究,1人,初級,購入（買い切り）,,,天体望遠鏡|月|惑星|星空観察,2000
https://www.taiyo-bm.co.jp/business_planetarium/,手動,デリバリープラネタリウム,屋内専用のエアドームとデジタル投影機を持ち込む移動型プラネタリウム。学校での学習投影や公共施設・商業施設のイベントに対応し、星空解説やドーム番組を出張で上映する。,大揚興業株式会社,企業・メーカー,宇宙・天文,展示・施設イベント,未就学児|小学生|全年齢,知識習得|興味喚起,中規模（10〜50）,入門,要見積もり,,,プラネタリウム|エアドーム|星空解説|出張投影,
https://www.vixen.co.jp/product/tls1/,月次,ビクセン 天体望遠鏡シリーズ,国内の光学機器メーカーによる天体望遠鏡のラインアップ。月や惑星、星雲星団を観察できる屈折式や反射式の鏡筒と架台をそろえ、初心者向けの選び方や使い方の解説も公開している。,株式会社ビクセン,企業・メーカー,宇宙・天文,観察器具,中学生|高校生|社会人|全年齢,興味喚起|探究・自由研究,1人,初級,購入（買い切り）,,,天体望遠鏡|月|惑星|星空観察,
https://pla-works.jp/,手動,プラネタリウムワークス,移動式プラネタリウムの投影を専門に行う事業者。その土地のその日の星空を中心に生解説し、話題の天文現象や国際宇宙ステーションの探し方も紹介する。学校や園への出張に対応する。,プラネタリウムワークス,個人コミュニケーター,宇宙・天文,展示・施設イベント,全年齢,知識習得|興味喚起,中規模（10〜50）,入門,要見積もり,,,移動プラネタリウム|星空解説|天文現象|出張,
https://www.nhao.jp/public/watching/index.html,週次,兵庫県立大学 西はりま天文台 天体観望会,世界最大級の公開望遠鏡「なゆた」で天体を観望できる天文台、夜間観望会や学校への出前観望も行う。,兵庫県立大学 西はりま天文台,大学・研究機関,宇宙・天文,フィールドワーク,全年齢,興味喚起|知識習得,中規模（10〜50）,入門,予約（日時指定）,,,天体観望|望遠鏡|星空|天文台,
https://nenohoshi.info/?page_id=692,手動,子ノ星教育社 移動プラネタリウム,エアドームと投影機を希望の場所に持ち込む移動プラネタリウム。前半は当日の星空紹介、後半はオリジナル番組を上映し、ドームは人数に応じて三つのサイズから選べる。,子ノ星教育社,企業・メーカー,宇宙・天文,展示・施設イベント,全年齢,知識習得|興味喚起,中規模（10〜50）,入門,要見積もり,,,移動プラネタリウム|エアドーム|天体観望会|星空,
https://www.fujikawarakuza.co.jp/planetarium/moving,手動,富士川楽座 移動プラネタリウム,超小型の光学式投影機を持ち込み、天井や壁面に星空を映し出す出張プラネタリウム。家庭や店舗、公共施設、小型ドームなど様々な環境で壮大な宇宙空間を再現することができる。,富士川楽座,企業・メーカー,宇宙・天文,展示・施設イベント,全年齢,知識習得|興味喚起,中規模（10〜50）,入門,要見積もり,,,プラネタリウム|星空|出張投影|MEGASTAR,
https://www.i-kahaku.jp/planet/,月次,愛媛県総合科学博物館 プラネタリウム,愛媛県新居浜市の博物館にある直径30mのドームスクリーンのプラネタリウム。光学式投映機による約65万個の星と全天周デジタル映像で、宇宙空間にいるような体験ができる。,愛媛県総合科学博物館,科学館・博物館,宇宙・天文,展示・施設イベント,全年齢,知識習得|興味喚起,大規模（50+）,入門,購入（買い切り）,,車椅子対応,プラネタリウム|星空|愛媛|ドーム,1994
https://www.youtube.com/channel/UCU0KURiKTupBYVCK8rgG7Rw,週次,日本科学情報,宇宙や量子など科学全般を映像作品として解説するYouTubeチャンネル、書籍やプラネタリウム作品も制作する。,日本科学情報,クリエイター・YouTuber,宇宙・天文,動画・オンライン講座,中学生|高校生|社会人,興味喚起|知識習得,1人,入門,無料,0,オンライン参加可,宇宙|量子|科学|動画,
https://hoshitsumugi.org/planetarium/,手動,星つむぎの村 出張プラネタリウム,移動式ドームや天井投影で星空と宇宙を届ける出張プラネタリウムです。星空ナビゲーターが生解説を行い、病院や学校、福祉施設にも訪問して、宇宙といのちのつながりを物語る。,一般社団法人星つむぎの村,NPO・団体,宇宙・天文,展示・施設イベント,全年齢,知識習得|興味喚起,中規模（10〜50）,入門,要見積もり,,,星空|宇宙|プラネタリウム|出張,2015
https://www.hoshinofurusato.jp/constellation/,月次,星の文化館,福岡県星野村にある昼夜公開の公開天文台、大型望遠鏡での天体観望や星空解説を楽しめ宿泊も可能な施設。,一般財団法人星のふるさと,NPO・団体,宇宙・天文,フィールドワーク,全年齢,興味喚起|知識習得,中規模（10〜50）,入門,予約（日時指定）,,,天体観望|望遠鏡|星空|天文台,
https://www.nacsj.or.jp/shidouin/,月次,NACS-J自然観察指導員,自然観察から自然保護を実践する人を育てる講習会と登録制度。野外実習で観察会の企画や進行を学び、修了者は各地で観察会を開いて生物多様性の保全につなげている。,公益財団法人日本自然保護協会,NPO・団体,生きもの・生命科学,フィールドワーク,大学生・院生|社会人|シニア,スキル習得|態度・行動変容,中規模（10〜50）,初級,予約（日時指定）,,,自然観察|自然保護|指導員|生物多様性,1978
https://www.oist.jp/ja/research/podcast,手動,OISTポッドキャスト,沖縄科学技術大学院大学が配信する音声番組。沖縄全島で生物多様性をモニタリングする研究など、現場のスタッフや研究者がプロジェクトへの思いを語る内容を届ける。,沖縄科学技術大学院大学（OIST）,大学・研究機関,生きもの・生命科学,動画・オンライン講座,高校生|大学生・院生|社会人,知識習得|興味喚起,1人,中級,無料,0,,生物多様性|研究|沖縄|音声番組,2020
https://biome.co.jp/,週次,いきものコレクションアプリ Biome（バイオーム）,写真から生き物の名前をAIが判定する市民参加型アプリ。図鑑やクエストで自然観察を楽しみながら、集まったデータが生物多様性の保全や研究に役立つ。,株式会社バイオーム,EdTech,生きもの・生命科学,アプリ,全年齢,興味喚起|探究・自由研究|態度・行動変容,1人,入門,無料,0,オンライン参加可,生物多様性|市民科学|AI|自然観察,2019
https://kmnh-tomonokai.org/,月次,いのちのたび博物館 自然史友の会,いのちのたび博物館を拠点に観察会や講座を行う会員組織、両生爬虫類や植物などの野外観察や標本づくりを体験できる。,いのちのたび博物館自然史友の会,NPO・団体,生きもの・生命科学,フィールドワーク,全年齢,興味喚起|探究・自由研究,少人数（2〜10）,初級,予約（日時指定）,,,自然観察|昆虫|植物|市民科学,
https://www.sakanakun.com/,月次,さかなクン,東京海洋大学名誉博士。魚や海の生態を全国の講演やテレビ・著作で楽しく伝える海洋のサイエンスコミュニケーター。環境保全の啓発大使も務める。,株式会社アナン・インターナショナル,個人コミュニケーター,生きもの・生命科学,講演・トークイベント,小学生|中学生|全年齢,興味喚起|態度・行動変容,大規模（50+）,入門,要見積もり,,,魚|海洋|環境|生物多様性,2006
https://aquaguide.co.jp/aquarium/,手動,アクアガイド 移動水族館,環境調査会社アクアガイドが運営する移動水族館です。海の生き物を保育園やイベント会場に運び、見て触れて学べるふれあいプログラムを提供する自然教育事業。,株式会社アクアガイド,企業・メーカー,生きもの・生命科学,展示・施設イベント,未就学児|小学生|全年齢,興味喚起|知識習得,中規模（10〜50）,入門,要見積もり,,,移動水族館|海の生き物|ふれあい|自然教育,
https://www.aquamarine.or.jp/education/,月次,アクアマリンふくしま 教育活動,福島県いわき市の水族館による教育活動です。移動水族館トラック「アクアラバン」の学校派遣や職員による出前授業など、海洋生物と自然環境を学ぶ体験を提供する。,公益財団法人ふくしま海洋科学館,科学館・博物館,生きもの・生命科学,出張授業,小学生|中学生,知識習得|興味喚起,中規模（10〜50）,入門,予約（日時指定）,,,水族館|海洋生物|移動水族館|環境,2000
https://www.kikkoman.com/jp/shokuiku/activity/,手動,キッコーマン しょうゆ塾,社員が小学校を訪問ししょうゆの作り方や発酵の仕組み、食事をおいしく食べる工夫を伝える出前授業、オンラインにも対応する。,キッコーマン株式会社,企業・メーカー,生きもの・生命科学,出張授業,小学生,知識習得|態度・行動変容,中規模（10〜50）,入門,無料,0,オンライン参加可,発酵|しょうゆ|食育|微生物,
https://core-box.com/content2.html,手動,コアボックス 骨格標本・動物レプリカ,剥製や頭骨・全身骨格標本、動物レプリカを扱う専門会社、教育や研究、展示向けに精密な標本を提供する。,株式会社コアボックスインターナショナル,企業・メーカー,生きもの・生命科学,模型・立体教具,大学生・院生|社会人,知識習得,1人,専門,購入（買い切り）,,,骨格標本|レプリカ|動物|展示,
https://humanbody.jp/zoology/,手動,ヒューマンボディ 動物骨格標本・解剖模型,生物学や獣医学の教育向けに動物の骨格標本や解剖模型を販売するシリーズ、生物の構造を立体的に理解できる。,ヒューマンボディ,企業・メーカー,生きもの・生命科学,模型・立体教具,大学生・院生|社会人,知識習得,1人,専門,購入（買い切り）,,,骨格標本|解剖模型|動物|生物学,
https://www.kyoto-aquarium.com/aqua-academy/,月次,京都水族館 アクアアカデミー,京都水族館の教育プログラムです。館内での体験学習に加え、飼育スタッフが小学校を訪ねてオオサンショウウオや河川環境について解説する出張授業を行っている。,オリックス水族館株式会社,科学館・博物館,生きもの・生命科学,出張授業,未就学児|小学生,知識習得|興味喚起,中規模（10〜50）,入門,予約（日時指定）,,,水族館|生き物|オオサンショウウオ|環境,2012
https://www.kmnh.jp/,月次,北九州市立自然史・歴史博物館（いのちのたび博物館）,地球誕生から現在までの自然と生命の歴史を約8000点の標本や恐竜骨格で紹介する西日本最大級の自然史・歴史博物館。,北九州市,科学館・博物館,生きもの・生命科学,展示・施設イベント,全年齢,知識習得|興味喚起,大規模（50+）,入門,予約（日時指定）,600,車椅子対応,自然史|恐竜|標本|進化,2002
https://tokuyama-zoo.jp/school.html,年次,周南市徳山動物園 学校向けプログラム,山口県周南市の動物園が行う学校向けプログラム。飼育員による出張授業や園内授業、モルモットの飼育体験のほか、リモート授業や教材用動画の配信にも対応している。,周南市,自治体・公的機関,生きもの・生命科学,出張授業,小学生,知識習得|興味喚起,中規模（10〜50）,入門,予約（日時指定）,,オンライン参加可,動物園|飼育体験|出張授業|リモート授業,
https://www.tokyo-zoo.net/zoo/tama/school_program/index.html,年次,多摩動物公園 学校向けプログラム,動物解説員が用意した観察シートや貸出教材を使い、動物をじっくり観察する学校向けの学習プログラム。昆虫とふれあう体験学習やキャリア教育支援プログラムも受け付けている。,公益財団法人東京動物園協会,科学館・博物館,生きもの・生命科学,展示・施設イベント,小学生|中学生|高校生,知識習得|興味喚起|進路・キャリア,中規模（10〜50）,入門,予約（日時指定）,,,動物観察|昆虫|貸出教材|動物園,
https://www.jsbba.or.jp/science_edu/sci_cafe/,年次,日本農芸化学会 サイエンスカフェ,日本農芸化学会が2006年から続ける対話型イベントです。食糧や環境、健康、バイオテクノロジーなどをテーマに、専門家と市民がカフェのような雰囲気で気軽に語り合う。,公益社団法人日本農芸化学会,NPO・団体,生きもの・生命科学,講演・トークイベント,高校生|大学生・院生|社会人,知識習得|興味喚起,中規模（10〜50）,入門,無料,0,,サイエンスカフェ|農芸化学|対話|食と環境,2006
https://wildbirdkitaq.wixsite.com/website,月次,日本野鳥の会 北九州支部 探鳥会,北九州市と近郊で毎月各地の探鳥会を開催する自然保護団体、曽根干潟などで野鳥観察を初心者にも丁寧に案内する。,日本野鳥の会 北九州支部,NPO・団体,生きもの・生命科学,フィールドワーク,全年齢,興味喚起|知識習得,中規模（10〜50）,入門,予約（日時指定）,,,野鳥|バードウォッチング|干潟|自然保護,
https://wbsj-chikugo.org/,月次,日本野鳥の会 筑後支部 探鳥会,筑後地区を活動エリアに年30数回の探鳥会や調査を行う自然保護団体、自然と野鳥にふれあう観察会を実施する。,日本野鳥の会 筑後支部,NPO・団体,生きもの・生命科学,フィールドワーク,全年齢,興味喚起|知識習得,中規模（10〜50）,入門,予約（日時指定）,,,野鳥|バードウォッチング|自然観察|自然保護,2001
https://churaumi.okinawa/ba/education/programtaiken/,年次,沖縄美ら海水族館 教育普及プログラム,沖縄の水族館が学校や医療機関、福祉施設向けに提供する普及啓発プログラム。バックヤード見学や生きもの観察、飼育員へのインタビュー学習などを一部を除き無料で行う。,一般財団法人沖縄美ら島財団,科学館・博物館,生きもの・生命科学,展示・施設イベント,小学生|中学生|高校生,知識習得|興味喚起,中規模（10〜50）,入門,予約（日時指定）,,車椅子対応,水族館|海洋生物|バックヤード|沖縄,2007
https://mushinosato.jp/,月次,虫の里・福島奥久慈昆虫館,福島県の里山の古民家を活用した昆虫館、標本展示や自然のなかでの昆虫採集を通じて五感で自然科学を学べる。,虫の里・福島奥久慈昆虫館,NPO・団体,生きもの・生命科学,展示・施設イベント,全年齢,興味喚起|探究・自由研究,少人数（2〜10）,入門,予約（日時指定）,,,昆虫|里山|自然観察|標本,
http://www.ammonite-center.jp/,月次,いわき市アンモナイトセンター,約8900万年前の地層が広がる発掘現場に建つ博物館、アンモナイトなどの化石を自分の手で掘り出す体験発掘ができる。,いわき市,科学館・博物館,地球・自然・防災,フィールドワーク,小学生|中学生|全年齢,興味喚起|探究・自由研究,中規模（10〜50）,入門,予約（日時指定）,,,化石|発掘|アンモナイト|地層,
https://www.sekitankasekikan.or.jp/,月次,いわき市石炭・化石館ほるる,常磐炭田の採掘の歴史とフタバスズキリュウなどの化石を展示する施設、模擬坑道や化石標本づくり体験も楽しめる。,いわき市,科学館・博物館,地球・自然・防災,展示・施設イベント,全年齢,知識習得|興味喚起,中規模（10〜50）,入門,予約（日時指定）,,車椅子対応,化石|石炭|恐竜|地質,
https://n-kishou.com/gakuen/yohoushi/,月次,お天気学園 気象予報士講座,気象情報会社が運営する気象予報士試験の対策講座。ライブ講座や総合学習コースを設け、試験の解説動画や無料セミナーも公開して気象の専門知識を学べるようにしている。,日本気象株式会社,EdTech,地球・自然・防災,動画・オンライン講座,大学生・院生|社会人,スキル習得|リスキリング|進路・キャリア,1人,中級,購入（買い切り）,,オンライン参加可,気象予報士|資格|講座|天気,2000
https://atrescue.jp/view/item/000000000005,手動,ものすごい防災セット,防災士が監修した非常用持ち出しセット。背負う・転がすの二通りで運べるキャリータイプのリュックに、避難生活で必要になる用品をまとめて収めている。,株式会社LA・PITA,企業・メーカー,地球・自然・防災,防災グッズ,社会人|全年齢,態度・行動変容,1人,入門,購入（買い切り）,,,防災|避難|非常持ち出し|防災士,2011
https://www.irisohyama.co.jp/emergency-supplies/emergency-kit/,月次,アイリスオーヤマ 防災リュック・防災セット,東日本大震災を経験した同社の防災士が監修した非常用持ち出しセット。食品から衛生用品まで避難生活に必要な品をまとめ、日常の部屋に置けるデザインにしている。,アイリスオーヤマ株式会社,企業・メーカー,地球・自然・防災,防災グッズ,全年齢,態度・行動変容|知識習得,1人,入門,購入（買い切り）,,,防災|非常持ち出し|備蓄|防災士,2016
https://www.tsunami.irides.tohoku.ac.jp/jp/member/imamura/,手動,今村文彦（津波工学）,東北大学災害科学国際研究所の教授で津波工学の第一人者、市民向けの防災・減災の講演やアウトリーチを行う。,今村文彦（東北大学）,研究者・専門家,地球・自然・防災,講演・トークイベント,高校生|社会人|全年齢,知識習得|態度・行動変容,大規模（50+）,中級,要見積もり,,,津波|防災|減災|講演,
https://tenki-minami.co.jp/,月次,南気象予報士事務所,気象予報士が所属する事務所で、テレビやラジオでの気象解説に加え、防災や温暖化、熱中症をテーマにした市民向け講演や学校への出前授業を行っている。,株式会社南気象予報士事務所,研究者・専門家,地球・自然・防災,講演・トークイベント,小学生|中学生|高校生|社会人,知識習得|態度・行動変容,中規模（10〜50）,入門,要見積もり,,,気象|防災|温暖化|出前授業,2007
https://blue-terra.jp/,手動,渡辺教具製作所 地球儀・天球儀,1937年創業の地球儀メーカーで、行政図や地勢図の地球儀のほか、衛星画像地球儀、月球儀、火星儀、星座早見盤を製造する。正確な情報にこだわった学習用教具を提供する。,株式会社渡辺教具製作所,企業・メーカー,地球・自然・防災,模型・立体教具,小学生|中学生|高校生|社会人,知識習得|興味喚起,1人,入門,購入（買い切り）,,,地球儀|月球儀|星座早見盤|地図,1937
https://nerv.app/,日次,特務機関NERV防災アプリ,気象庁の防災気象情報を国内最速級で配信するスマホアプリ。地震・津波・噴火・大雨などを現在地に合わせ通知。見やすいUDデザインで無料提供。,ゲヒルン株式会社,企業・メーカー,地球・自然・防災,アプリ,全年齢,態度・行動変容|知識習得,1人,入門,フリーミアム,0,色覚バリアフリー|オンライン参加可,防災|地震|気象|通知,2019
https://www.data.jma.go.jp/akita/information/delivery/demae/demae.html,年次,秋田地方気象台 出前講座,秋田地方気象台の職員が学校や市民団体などに出向いて行う講座。気象や防災、天気予報の仕組みをテーマに無料で実施し、土日は気象予報士会が対応する場合もある。,気象庁 秋田地方気象台,自治体・公的機関,地球・自然・防災,出張授業,小学生|中学生|高校生|社会人,知識習得|態度・行動変容,中規模（10〜50）,入門,無料,0,,気象|防災|出前講座|秋田,2010
https://www.nilim.go.jp/lab/bcg/kids/cardgame/index.html,手動,防災カードゲーム「このつぎなにがおきるかな？」,国土技術政策総合研究所が公開する防災カードゲームです。地震や津波などで起こる危険な状況を四枚のカードで表し、備えや行動を子どもたちが学べる無料教材。,国土交通省国土技術政策総合研究所,自治体・公的機関,地球・自然・防災,ボードゲーム・カード,未就学児|小学生,知識習得|態度・行動変容,少人数（2〜10）,入門,無料,0,,防災|地震|津波|カードゲーム,
https://plus-arts.net/goodsshop/,手動,防災カードゲーム「なまずの学校」,NPO法人プラス・アーツが開発した紙芝居形式の防災カードゲームです。災害時のトラブルに役立つ道具を考えて出し合い、遊びながら地震などへの備えを学べる教材。,NPO法人プラス・アーツ,NPO・団体,地球・自然・防災,ボードゲーム・カード,小学生|中学生,知識習得|態度・行動変容,少人数（2〜10）,入門,購入（買い切り）,,,防災|地震|カードゲーム|備え,
https://www.city.kobe.lg.jp/a10878/bosai/shobo/bousai/directroad.html,手動,防災ゲーム「ダイレクトロード」,神戸市が無料公開するカード型の防災訓練教材です。参加者が協力しながら災害対応に必要な行動や考え方を学べ、進行役の専門知識がなくても実施できるのが特徴。,神戸市,自治体・公的機関,地球・自然・防災,ボードゲーム・カード,中学生|高校生|社会人,知識習得|スキル習得|態度・行動変容,少人数（2〜10）,初級,無料,0,,防災|災害対応|研修|カードゲーム,
https://www.bousai.metro.tokyo.lg.jp/1028036/1028197/index.html,年次,防災ブック「東京防災」,東京都が全世帯に配布する防災ブック。地震など災害への備えと初動を、イラスト豊富に解説。やさしい日本語・多言語版やアプリ・PDFも無料公開。,東京都,自治体・公的機関,地球・自然・防災,書籍・図鑑,全年齢,態度・行動変容|知識習得,1人,入門,無料,0,やさしい日本語,防災|地震|災害|備蓄,2015
https://www.bousai.metro.tokyo.lg.jp/1028036/index.html,年次,防災ブック「東京防災」・「東京くらし防災」,東京都が発行する防災ブック。地震や風水害への備えと発災時の行動をイラストで解説し、デジタルブックやPDF、電子書籍として無料で読める。英語や中国語などの多言語版もある。,東京都,自治体・公的機関,地球・自然・防災,電子書籍,全年齢,知識習得|態度・行動変容,1人,入門,無料,0,,防災|地震|風水害|備蓄,
https://www.pro-bousai.jp/,週次,防災プロの地震対策ショップ,防災士が監修した避難セットや非常持出袋を専門に扱う通販サイト。キッズ用やシニア用、ペット用など対象別のセットをそろえ、備えの考え方も併せて発信している。,株式会社防災ダイレクト,企業・メーカー,地球・自然・防災,防災グッズ,全年齢,態度・行動変容,1人,入門,購入（買い切り）,,,防災|地震対策|非常持出袋|備え,2008
https://www.miraikan.jst.go.jp/resources/provision/sdgs/,手動,SDGsワークショップ「気候変動から世界を守れ！」,日本科学未来館が提供する学校向けワークショップ教材です。参加者が各国のリーダーとなり気候変動から自国を守る選択を議論し、国際協力と対話の重要性を学ぶ。,日本科学未来館,科学館・博物館,環境・気候・エネルギー,ワークショップ,小学生|中学生,知識習得|態度・行動変容,中規模（10〜50）,初級,無料,0,,気候変動|SDGs|対話|ワークショップ,
https://www.nies.go.jp/event/ippankokai.html,年次,国立環境研究所一般公開,環境研究の国立研究機関が毎年実施する公開イベント。研究施設の紹介や環境ミニ講座、体験型の催しを通じて、地球温暖化や生物多様性などの研究成果を一般の来場者に伝えている。,国立環境研究所,大学・研究機関,環境・気候・エネルギー,展示・施設イベント,全年齢,知識習得|興味喚起,大規模（50+）,入門,無料,0,,環境研究|地球温暖化|一般公開|研究所,
https://kikonet.org/activities/local/education,月次,気候ネットワーク こども向け温暖化防止教育,環境NPO気候ネットワークによる子ども向け環境教育です。エコキャンプや実験ワークショップを通じ、地球温暖化やエネルギーの仕組みを楽しく学ぶ活動を各地で展開する。,特定非営利活動法人気候ネットワーク,NPO・団体,環境・気候・エネルギー,ワークショップ,小学生|中学生,知識習得|態度・行動変容,中規模（10〜50）,入門,要見積もり,,,気候変動|地球温暖化|環境教育|エネルギー,1998
https://policies.env.go.jp/policy/eco/lib/,月次,環境学習STATION 環境教育教材・参考資料一覧,環境省が運営する環境教育の教材ポータル。学校や地域、企業で使える教材や参考資料を分野や対象別に検索でき、脱炭素や自然環境、ESDに関する資料を無料でまとめて探せる。,環境省,自治体・公的機関,環境・気候・エネルギー,教材セット,小学生|中学生|高校生|社会人,知識習得|態度・行動変容,中規模（10〜50）,入門,無料,0,,環境教育|ESD|教材|脱炭素,
https://www.pref.fukui.lg.jp/doc/kankyou/ee/kikouhendou-kyouiku-program.html,手動,福井県気候変動教育プログラム事業,福井県が提供する学校向けの気候変動教育プログラムです。ミステリー形式のワークショップと課題解決型ワークショップの二種で構成され、指導者用資料を無料で配布する。,福井県,自治体・公的機関,環境・気候・エネルギー,教材セット,小学生|中学生|高校生,知識習得|探究・自由研究,中規模（10〜50）,初級,無料,0,,気候変動|環境教育|ワークショップ|福井県,
https://sciencegenki.com/,週次,GENKI LABO（ゲンキラボ）,科学の面白さを実験で伝えるサイエンスアーティスト市岡元気による発信拠点。液体窒素や巨大実験などの動画をYouTubeで公開し、全国でサイエンスライブや実験教室も開催している。,株式会社GENKI LABO,クリエイター・YouTuber,物理・化学・材料,動画・オンライン講座,全年齢,興味喚起|エンタメ|知識習得,1人,入門,無料,0,,科学実験|サイエンスショー|動画|化学,2019
https://www.youtube.com/channel/UC46u5qG6vqDdrNYgqRVvq3Q,週次,GENKI LABO（市岡元気）,サイエンスアーティスト市岡元気が派手な化学・物理実験を紹介するYouTubeチャンネル、科学の面白さを実験動画で伝える。,市岡元気,クリエイター・YouTuber,物理・化学・材料,動画・オンライン講座,小学生|中学生|全年齢,興味喚起|エンタメ,1人,入門,無料,0,オンライン参加可,科学実験|化学|物理|動画,2019
https://sciencetime.co.jp/,手動,かず先生のサイエンスショー（九州サイエンスラボ）,福岡出身のかず先生が全国のイベントで行う出張サイエンスショーと科学ワークショップ、迫力ある実験で科学の楽しさを伝える。,九州サイエンスラボ株式会社,個人コミュニケーター,物理・化学・材料,サイエンスショー,未就学児|小学生|全年齢,興味喚起|エンタメ,大規模（50+）,入門,要見積もり,,,サイエンスショー|科学実験|出張|ワークショップ,
https://www.tanqfamily.com/atommonsters,手動,アトモン（アトムモンスターズ）,原子と分子をモンスターに見立てたバトルカードゲーム。カードには化学式や原子番号、構造式が記され、神経衰弱に近いルールで遊びながら化学の基礎に親しめる。拡張パックも複数ある。,tanQ株式会社,企業・メーカー,物理・化学・材料,ボードゲーム・カード,未就学児|小学生|中学生,知識習得|興味喚起|エンタメ,少人数（2〜10）,入門,購入（買い切り）,,,化学|原子|分子|カードゲーム,2019
http://www.artec-app.jp/,手動,アーテックデジタル教材,教材メーカーが公開する理科向けのデジタル教材サイト。実験に役立つHTML5のアプリやシミュレーション、ワークシートを配信し、非営利の教育目的なら自由に利用できる。,株式会社アーテック,企業・メーカー,物理・化学・材料,アプリ,小学生|中学生,知識習得,中規模（10〜50）,入門,無料,0,,デジタル教材|理科|シミュレーション|授業,2016
https://www.edupark-fukuyama.jp/science-show/,手動,エデュパーク福山 出張サイエンスショー,広島県福山市を拠点に理科実験の体験施設を運営する事業者による出張サイエンスショー。主催者と事前に打ち合わせて企画書をつくり、対象や会場に合わせた実演を届ける。,株式会社グランシップ,企業・メーカー,物理・化学・材料,サイエンスショー,未就学児|小学生,興味喚起|エンタメ,中規模（10〜50）,入門,要見積もり,,,理科実験|出張|サイエンスショー|福山,
https://sc-link.net/shutyou_q_a/,手動,サイエンスリンク 出張サイエンスショー,学生を中心とするサイエンスリンクの出張サイエンスショーです。巨大空気砲を用いた光と空気のショーや工作教室を各地のイベントや学校で実演している。,サイエンスリンク,NPO・団体,物理・化学・材料,サイエンスショー,未就学児|小学生,興味喚起|エンタメ,中規模（10〜50）,入門,要見積もり,50000,,サイエンスショー|工作教室|空気砲|学生団体,
https://www.3bs.jp/molecule/,手動,スリービーサイエンティフィック 分子模型,有機・無機化学やDNA・RNAの構造を組み立てて学ぶ分子模型キット、原子の立体配置を直感的に理解できる。,スリービーサイエンティフィック,企業・メーカー,物理・化学・材料,模型・立体教具,高校生|大学生・院生,知識習得,1人,中級,購入（買い切り）,,,分子模型|化学|DNA|立体教具,
https://www.feel-physics.jp/,手動,フィール・フィジックス,理科のICT教材を開発する事業者。MRやVRを使って磁力など目に見えない現象を可視化する学習アプリを提供し、学校での実証授業や教員研修もあわせて実施している。,フィール・フィジックス,EdTech,物理・化学・材料,VR/AR,中学生|高校生,知識習得|探究・自由研究,中規模（10〜50）,中級,要見積もり,,,理科ICT|MR|物理教育|実証授業,2015
https://fujikawarakuza.co.jp/donbura/show,手動,体験館どんぶら 出張サイエンスショー,道の駅富士川楽座の体験施設のスタッフが各地に出向いて行う科学ショー。目の錯覚や段ボール空気砲などの実験を、会場の広さや人数・予算に合わせた複数のプランで実演する。,富士川楽座,企業・メーカー,物理・化学・材料,サイエンスショー,未就学児|小学生|全年齢,興味喚起|エンタメ,中規模（10〜50）,入門,要見積もり,,,空気砲|錯覚|出張|静岡,
https://www.sci-museum.jp/scienceshow/,週次,大阪市立科学館 サイエンスショー,学芸員が観客の目の前で実験を見せる科学館のライブ実演。光や空気、水や火など身近な現象を題材に、来館者と一緒に考えながら物理や化学の不思議を解き明かす。テーマは定期的に入れ替わる。,大阪市立科学館,科学館・博物館,物理・化学・材料,サイエンスショー,全年齢,興味喚起|知識習得|エンタメ,大規模（50+）,入門,予約（日時指定）,,,実験ショー|光|空気|科学館,
https://www.jikkenkun.jp/product-list/1,手動,実験くん,化学薬品や鉱石など多彩な実験キットを販売するブランドです。合金鋳込みや結晶づくりなど本格的な化学実験を家庭で体験でき、自由研究向けのガイドブックも付属する。,実験くん,企業・メーカー,物理・化学・材料,実験キット,小学生|中学生|高校生,探究・自由研究|知識習得,1人,中級,購入（買い切り）,,,化学|実験キット|自由研究|STEM,
https://www.city.asahikawa.hokkaido.jp/event/category-07/p002416.html,月次,旭川市科学館サイパル サイエンスショー,北海道旭川市の科学館が毎週土曜に行う公開実験ショー。演目はすべて館のオリジナルで、元素の性質など月ごとにテーマを変えながら約20分の実験を披露する。,旭川市,科学館・博物館,物理・化学・材料,サイエンスショー,全年齢,興味喚起|知識習得,中規模（10〜50）,入門,予約（日時指定）,,,実験ショー|元素|科学館|旭川,2005
https://www.oit.ac.jp/personal/tonami/,手動,無料で遊べる学習ゲーム集,大学の授業から生まれた無料のブラウザ学習ゲーム集。酸と塩基や有機化合物、元素と周期表を題材にしたカードバトルなどで遊びながら、化学や生物への関心につなげる。登録不要で使える。,大阪工業大学,大学・研究機関,物理・化学・材料,アプリ,高校生|大学生・院生,知識習得|興味喚起,1人,初級,無料,0,,化学基礎|周期表|学習ゲーム|ブラウザ,
http://www.denjiro.co.jp/,週次,米村でんじろうサイエンスプロダクション,科学者米村でんじろう氏が1998年に設立した会社です。全国の学校やイベントで迫力あるサイエンスショーやワークショップを実演し、実験を通じて科学の楽しさや不思議を伝えている。,有限会社米村でんじろうサイエンスプロダクション,企業・メーカー,物理・化学・材料,サイエンスショー,全年齢,興味喚起|エンタメ|知識習得,大規模（50+）,入門,要見積もり,,,サイエンスショー|実験|でんじろう|科学の楽しさ,1998
https://www.koov.io/,月次,KOOV（クーブ）ロボット・プログラミング学習キット,ソニー・グローバルエデュケーションのロボット・プログラミング学習キット。ブロックと電子パーツ、専用アプリで、作りながらプログラミングと創造力を育む。,株式会社ソニー・グローバルエデュケーション,EdTech,情報・数理・AI,教材セット,小学生|中学生,スキル習得|探究・自由研究,1人,初級,購入（買い切り）,40568,,プログラミング|ロボット|STEAM|ものづくり,2016
https://www.akiraboy.com/scienceshow.html,手動,アキラボーイ デジタルサイエンスショー,プロジェクションマッピングやセンサーを組み合わせたデジタル科学実験ショー。映像と煙が連動する演出などで観客が参加でき、科学館やイベント会場に出張して上演している。,デジタルトイボックス,企業・メーカー,情報・数理・AI,サイエンスショー,全年齢,エンタメ|興味喚起,大規模（50+）,入門,要見積もり,,,プロジェクションマッピング|デジタル|科学ショー|出張,
https://www.p-dojo.com/,月次,パズル道場,算数的・数学的センスを鍛える思考力トレーニングのプログラム。テキストとWEBトレーニング、立体四目並べなどの教具を組み合わせ、試行錯誤する習慣を育てる。,株式会社パズル道場,EdTech,情報・数理・AI,教材セット,未就学児|小学生|中学生,スキル習得|探究・自由研究,少人数（2〜10）,初級,要見積もり,,,思考力|算数|パズル|教具,2002
https://www.youtube.com/channel/UC8g17oXkRt8buwQL8GU-NSw,週次,ラムダ技術部,数学・理科・電子工学・プログラミングを真面目と不真面目を織り交ぜて解説するYouTubeチャンネル。,ラムダ技術部,クリエイター・YouTuber,情報・数理・AI,動画・オンライン講座,高校生|大学生・院生|社会人,興味喚起|知識習得,1人,中級,無料,0,オンライン参加可,電子工学|数学|プログラミング|動画,
https://robo-done.com/,月次,ロボ団,子ども向けのロボットプログラミング教室です。ブロックで組んだロボットを動かしながら、ビジュアルプログラミングからPythonまで段階的にプログラミングを学べる。,株式会社ロボ団,EdTech,情報・数理・AI,ワークショップ,小学生|中学生,スキル習得|探究・自由研究,少人数（2〜10）,初級,要見積もり,,,プログラミング|ロボット|Python|STEAM,
https://yobinori.jp/,週次,予備校のノリで学ぶ「大学の数学・物理」（ヨビノリ）,大学レベルの数学や物理を予備校の授業のような語り口で解説するYouTubeチャンネルの公式サイト。講義動画一覧やおすすめ参考書を紹介し、理系進学を考える高校生にも情報を発信する。,ヨビノリ,クリエイター・YouTuber,情報・数理・AI,動画・オンライン講座,高校生|大学生・院生|社会人,知識習得|リスキリング,1人,中級,無料,0,,大学数学|物理|授業動画|理系進学,2017
https://www.tus.ac.jp/mse/taikenkan/,月次,東京理科大学 数学体験館,数学の理論を見て触れて体験できる展示施設、模型やワークショップを通じて算数・数学の面白さに親しめる。,東京理科大学,大学・研究機関,情報・数理・AI,展示・施設イベント,小学生|中学生|高校生,興味喚起|知識習得,中規模（10〜50）,入門,無料,0,車椅子対応,数学|算数|体験|模型,2013
https://code.or.jp/,週次,特定非営利活動法人みんなのコード,公教育の情報・テクノロジー教育を推進するNPO。小中高の授業で使えるプログラミング教材を無償で提供し、教員向け研修や子どもがテクノロジーに触れる居場所の運営も行う。,特定非営利活動法人みんなのコード,NPO・団体,情報・数理・AI,教材セット,小学生|中学生|高校生,スキル習得|知識習得,中規模（10〜50）,入門,無料,0,,プログラミング教育|情報教育|教材|教員研修,2015
https://www.3bs.jp/model/,手動,3B Scientific 人体模型,全身骨格や臓器、筋肉、皮膚などを精密に再現した教育用人体模型のシリーズ。小中学校から大学、病院まで幅広く使われ、部位別や病理モデルも取りそろえる。,日本スリービー・サイエンティフィック株式会社,企業・メーカー,医療・健康・人体,模型・立体教具,中学生|高校生|大学生・院生|社会人,知識習得|スキル習得,少人数（2〜10）,中級,購入（買い切り）,,,人体模型|骨格|解剖学|教材,2000
https://snsiryou.com/,手動,SNS医療のカタチ,現役医師の有志が2018年に始めた非営利の情報発信活動です。市民公開講座やSNS、書籍を通じて、誤った医療情報による健康被害を防ぎ、正しい医療知識を伝えている。,一般社団法人医療リテラシー研究所,NPO・団体,医療・健康・人体,講演・トークイベント,社会人|全年齢,知識習得|態度・行動変容,中規模（10〜50）,入門,無料,0,,医療情報|健康|医療リテラシー|対話,2018
https://www.teamlabbody.com/,手動,teamLabBody,チームラボが大阪大学の菅本一臣教授の研究チームと共同開発した3D人体解剖学アプリです。筋肉や臓器、神経、骨を立体的に表示し、関節の動きも確認できる学習ツール。,チームラボ株式会社,企業・メーカー,医療・健康・人体,アプリ,大学生・院生|社会人,知識習得|スキル習得,1人,中級,フリーミアム,0,,人体|解剖学|3D|医学教育,2013
https://www.jsmi.jp/med/education/index.html,年次,「健康とくすり」教育教材,くすりの正しい使い方を学ぶ学校向けの無料教材。小学生向けと中高生向けのスライド教材を公開し、薬の働きや飲み方から薬物乱用の防止まで保健の授業で使える形にまとめている。,日本OTC医薬品協会,NPO・団体,医療・健康・人体,教材セット,小学生|中学生|高校生,知識習得|態度・行動変容,中規模（10〜50）,入門,無料,0,,くすり教育|ヘルスリテラシー|保健|薬物乱用,
https://ganjoho.jp/,月次,がん情報サービス,国立がん研究センターが運営するがん情報の公式サイト。がんの種類ごとの検査や治療、療養生活や統計を科学的根拠に基づいて解説し、冊子やPDFのかたちでも無料で提供している。,国立がん研究センター,大学・研究機関,医療・健康・人体,電子書籍,社会人|シニア|全年齢,知識習得|態度・行動変容,1人,入門,無料,0,,がん|医療情報|患者支援|統計,2006
https://www.calbee.co.jp/foodcom/,手動,カルビー・スナックスクール（食育）,おやつの適切な量や食べ方を楽しく学ぶ食育の出張授業と教材提供、子どもの健康的な食習慣づくりを支援する。,カルビー株式会社,企業・メーカー,医療・健康・人体,出張授業,小学生,知識習得|態度・行動変容,中規模（10〜50）,入門,無料,0,,食育|おやつ|栄養|健康,
https://humanbody.jp/guide/price/list-anatomical.html,手動,ヒューマンボディ 人体模型・医学解剖模型,人体の骨格や臓器の構造を学べる医学解剖模型を販売するシリーズ、教育や医療研修向けに精密なモデルを提供する。,ヒューマンボディ,企業・メーカー,医療・健康・人体,模型・立体教具,大学生・院生|社会人,知識習得,1人,専門,購入（買い切り）,,,人体模型|解剖|医学|教材,
https://www.ajinomoto.co.jp/kfb/demaejugyo/,手動,味の素 出前授業,味の素が小学校向けにうま味や栄養、食料生産をテーマに行う出前授業、家庭科や社会科の単元に沿った内容で学べる。,味の素株式会社,企業・メーカー,医療・健康・人体,出張授業,小学生,知識習得|態度・行動変容,中規模（10〜50）,入門,無料,0,オンライン参加可,栄養|うま味|食育|健康,
http://www.dev-neurobio.med.tohoku.ac.jp/,手動,大隅典子（発生発達神経科学）,東北大学の教授でブログやSNSを通じて脳科学や研究の魅力を一般に発信、多数の一般向け著書を執筆する。,大隅典子（東北大学）,研究者・専門家,医療・健康・人体,講演・トークイベント,高校生|大学生・院生|社会人,知識習得|興味喚起,大規模（50+）,中級,要見積もり,,,脳科学|神経科学|研究発信|講演,
https://news.yahoo.co.jp/users/expert/osukasatoru,週次,大須賀覚（がん研究者の情報発信）,脳腫瘍の新薬を研究する医師がブログやSNS、書籍で科学的根拠に基づくがん治療の正しい理解を一般に発信する。,大須賀覚,研究者・専門家,医療・健康・人体,講演・トークイベント,社会人|全年齢,知識習得|態度・行動変容,1人,中級,無料,0,オンライン参加可,がん|標準治療|医療リテラシー|情報発信,2018
https://jide.jp/download-teaching,手動,学校保健で役立つ教材ダウンロード,養護教諭や薬剤師が協働で授業できるくすり教育の教材集。スライドに講義例のノートを付し、実験やクイズを含む授業構成を無料でダウンロードして利用できる。学校保健の現場向け。,一般社団法人日本くすり教育研究所,NPO・団体,医療・健康・人体,教材セット,小学生|中学生,知識習得|スキル習得,中規模（10〜50）,入門,無料,0,,くすり教育|学校薬剤師|養護教諭|授業スライド,
https://www.jrc.or.jp/study/safety/,手動,日本赤十字社 一次救命処置 動画,日本赤十字社が心肺蘇生やAEDの使い方、着衣泳など命を守る手当を学べる動画を公開、家庭や周囲での初動対応を学べる。,日本赤十字社,NPO・団体,医療・健康・人体,動画・オンライン講座,高校生|社会人|全年齢,知識習得|スキル習得,1人,入門,無料,0,オンライン参加可,救命|AED|心肺蘇生|動画,
https://www.jrc.or.jp/study/kind/emergency/,月次,日本赤十字社 救急法講習,心肺蘇生やAEDの使い方、止血や搬送などの応急手当を学ぶ講習、いざという時に命を守る知識と技術を習得できる。,日本赤十字社,NPO・団体,医療・健康・人体,ワークショップ,高校生|社会人,スキル習得|態度・行動変容,中規模（10〜50）,入門,予約（日時指定）,,,救命|AED|応急手当|防災,
https://www.meiji.co.jp/meiji-shokuiku/seminar/,手動,明治の食育セミナー,高校生アスリートや働く世代など対象別に健康なからだづくりと食の楽しさを伝える食育セミナー、栄養の基礎を学べる。,株式会社明治,企業・メーカー,医療・健康・人体,講演・トークイベント,高校生|社会人,知識習得|態度・行動変容,中規模（10〜50）,入門,無料,0,,栄養|食育|健康|アスリート,
https://dryandel.blogspot.com/,月次,病理医ヤンデル（市原真）,病理専門医・市原真による医療コミュニケーション。SNSや著作で、病気や医療との付き合い方、正しい医療情報の見分け方をやさしく伝える。,市原真,研究者・専門家,医療・健康・人体,書籍・図鑑,社会人|全年齢,知識習得|態度・行動変容,1人,入門,購入（買い切り）,,,医療|健康リテラシー|病理|情報発信,2019
https://www.youtube.com/c/kanwa,週次,緩和ケアちゃんねる（大津秀一）,緩和医療専門医の大津秀一氏が運営するYouTubeチャンネルです。がん医療や終末期医療、緩和ケアに関する情報を一般の人にもわかりやすく無料で発信している。,大津秀一,研究者・専門家,医療・健康・人体,動画・オンライン講座,社会人|シニア,知識習得|態度・行動変容,1人,入門,無料,0,,緩和ケア|がん医療|終末期医療|健康,2018
https://www.caravanmate.com/,月次,認知症サポーターキャラバン,認知症を正しく理解し支援する人を増やす全国的な取り組み。キャラバン・メイトが講師となり、自治体や企業、学校で90分の認知症サポーター養成講座を無料で開催する。,全国キャラバン・メイト連絡協議会,NPO・団体,医療・健康・人体,ワークショップ,全年齢,知識習得|態度・行動変容,中規模（10〜50）,入門,無料,0,,認知症|サポーター|養成講座|地域,2005
https://www.kyushu-u.ac.jp/ja/university/professor/akashi.html,手動,赤司浩一（血液内科・造血幹細胞）,九州大学の教授で造血幹細胞研究の世界的研究者、大学の公式企画で一般向けに医学研究をわかりやすく紹介する。,赤司浩一（九州大学）,研究者・専門家,医療・健康・人体,講演・トークイベント,高校生|大学生・院生|社会人,知識習得|進路・キャリア,大規模（50+）,専門,要見積もり,,,血液内科|造血幹細胞|医学|研究,
https://www.meg-snow.com/csr/syokuiku/class/,手動,雪印メグミルク 食育出前授業,小中学生を対象に牛乳・乳製品の役割や骨・カルシウムの大切さを伝える食育出前授業、成長期の食生活を学べる。,雪印メグミルク株式会社,企業・メーカー,医療・健康・人体,出張授業,小学生|中学生,知識習得|態度・行動変容,中規模（10〜50）,入門,無料,0,,栄養|牛乳|食育|健康,
https://www.jfe-steel.co.jp/works/west/west_japan/kengaku/kurashiki.html,手動,JFEスチール 西日本製鉄所倉敷地区 工場見学,瀬戸内海に臨む水島の製鉄所で巨大な高炉や熱間圧延の様子を見学できるプログラム、鉄の製造工程を目や肌で体感する。,JFEスチール株式会社,企業・メーカー,工学・ものづくり,フィールドワーク,小学生|中学生|社会人,知識習得,中規模（10〜50）,入門,予約（日時指定）,0,,製鉄|鉄鋼|高炉|工場見学,
https://robotami.jp/,手動,ROBOTAMI（ロボタミ）,約100種のパーツでロボットを組み立てプログラミングで動かすSTEAM教育向け教材シリーズ、論理的思考や問題解決力を育む。,ロボタミジャパン,企業・メーカー,工学・ものづくり,教材セット,小学生|中学生,スキル習得|探究・自由研究,少人数（2〜10）,初級,購入（買い切り）,,,ロボット|プログラミング|STEAM|工作,2011
https://www.t-scitech.net/request,手動,ScienceTechno（サイテク）,東京科学大学公認の学生サークルです。小学校や科学館で工作教室やサイエンスショーを企画運営し、子どもが科学の楽しさに触れるきっかけづくりを行っている。,ScienceTechno,大学・研究機関,工学・ものづくり,サイエンスショー,小学生,興味喚起|エンタメ,中規模（10〜50）,入門,要見積もり,,,工作教室|サイエンスショー|科学|学生団体,
https://www.jisf.or.jp/kids/iku/index.html,手動,みんなの鉄学,日本鉄鋼連盟が運営する子ども向け学習サイト、鉄の成り立ちや製鉄所の役割を読む・見る・実験するコンテンツで学べる。,日本鉄鋼連盟,NPO・団体,工学・ものづくり,動画・オンライン講座,小学生|中学生,知識習得|興味喚起,1人,入門,無料,0,オンライン参加可,鉄|製鉄|産業技術|学習サイト,
https://www.mlit.go.jp/sogoseisaku/region/infratourism/index.html,月次,インフラツーリズム ポータルサイト,国土交通省が全国のダムやトンネルなど社会インフラの見学ツアーを紹介するポータル、土木技術の現場を予約して見学できる。,国土交通省 総合政策局,自治体・公的機関,工学・ものづくり,フィールドワーク,全年齢,知識習得|興味喚起,中規模（10〜50）,入門,予約（日時指定）,,,土木|ダム|インフラ|見学,
https://digifab.or.jp/fablab,月次,ファブラボ（デジタルファブリケーション協会）,3Dプリンターやレーザーカッターを備え、個人による自由なものづくりを支える地域工房。世界のファブラボと知識を共有しながら、市民がアイデアを形にする場を提供する。,株式会社デジタルファブリケーション協会,NPO・団体,工学・ものづくり,ワークショップ,高校生|大学生・院生|社会人,スキル習得|興味喚起,少人数（2〜10）,初級,要見積もり,,,ファブラボ|3Dプリンター|ものづくり|市民工房,2013
https://www.mhi.com/jp/company/location/nagasakiw/factorytour,手動,三菱重工業 長崎造船所 工場見学,三菱重工業長崎造船所でタービン工場や史料館などを見学できるプログラム、日本の造船と重工業のものづくりを間近で学べる。,三菱重工業株式会社,企業・メーカー,工学・ものづくり,フィールドワーク,小学生|中学生|社会人,知識習得,中規模（10〜50）,入門,予約（日時指定）,0,,造船|重工業|ものづくり|工場見学,
https://gakken-mall.jp/,年次,大人の科学マガジン（Gakken）,自分で組み立てる科学キットが付録の大人向けムック。プラネタリウムや二眼レフなど本格的な工作を通じて、科学と技術の原理を楽しく体験できる。,Gakken（学研）,出版社,工学・ものづくり,実験キット,高校生|社会人|全年齢,知識習得|興味喚起,1人,初級,購入（買い切り）,3520,,工作|キット|付録|科学,2003
https://museum.nit.ac.jp/,月次,日本工業大学 工業技術博物館,日本の産業発展を支えた約270台の工作機械を年代順に展示する博物館、約7割を動態保存し蒸気機関車の運転など体験も行う。,日本工業大学,大学・研究機関,工学・ものづくり,展示・施設イベント,全年齢,知識習得|興味喚起,中規模（10〜50）,入門,予約（日時指定）,,車椅子対応,工作機械|産業技術|ものづくり|鉄道,1987
https://www.nipponsteel.com/company/tour/,手動,日本製鉄 製鉄所工場見学,全国各地の製鉄所で高炉や圧延工程など鉄づくりの現場を見学できるプログラム、巨大設備で鉄が製品になる過程を体感する。,日本製鉄株式会社,企業・メーカー,工学・ものづくり,フィールドワーク,小学生|中学生|社会人,知識習得,中規模（10〜50）,入門,予約（日時指定）,0,,製鉄|鉄鋼|ものづくり|工場見学,
https://www.water.go.jp/honsya/honsya/torikumi/kengaku/kengaku/index.html,手動,水資源機構 施設見学,水資源機構が管理するダムや用水などの水インフラ施設を見学できるプログラム、水の確保と土木の仕組みを学べる。,独立行政法人水資源機構,自治体・公的機関,工学・ものづくり,フィールドワーク,小学生|中学生|社会人,知識習得,中規模（10〜50）,入門,予約（日時指定）,0,,ダム|水資源|土木|見学,
https://unit.aist.go.jp/tohoku/kengaku/index.html,手動,産総研東北センター 見学コース,産業技術総合研究所東北センターの材料開発拠点を見学できるプログラム、ナノ材料など先端の産業技術の現場を専門スタッフが案内する。,産業技術総合研究所 東北センター,大学・研究機関,工学・ものづくり,フィールドワーク,大学生・院生|社会人,知識習得,少人数（2〜10）,中級,予約（日時指定）,,,材料工学|ナノテク|産業技術|見学,
https://www.aeromuseum.or.jp/,月次,航空科学博物館,成田空港に隣接する日本初の航空専門博物館、フライトシミュレーターや工作教室など航空技術を体験しながら学べる。,航空科学振興財団,科学館・博物館,工学・ものづくり,展示・施設イベント,全年齢,知識習得|興味喚起,大規模（50+）,入門,予約（日時指定）,900,車椅子対応,航空|飛行機|工学|体験,1989
https://www.isij.or.jp/news/news2025/s-tour.html,年次,鉄鋼協会 生徒・学生の製鉄所見学事業,日本鉄鋼協会が生徒・学生を対象に製鉄所見学の移動費を助成する事業、鉄鋼製造現場を組み込んだ見学を支援する。,日本鉄鋼協会,NPO・団体,工学・ものづくり,フィールドワーク,高校生|大学生・院生,知識習得|進路・キャリア,中規模（10〜50）,中級,予約（日時指定）,,,製鉄|鉄鋼|進路|見学助成,
https://ace-npo.org/,月次,NPO法人企業教育研究会（ACE）,千葉大学の教育研究を基盤とするNPOです。企業と連携し、カードゲームや実験など体験型の出張授業を全国の学校で無料実施し、探究的な学びを支援している。,NPO法人企業教育研究会,NPO・団体,,出張授業,小学生|中学生|高校生,知識習得|進路・キャリア,中規模（10〜50）,入門,無料,0,,出前授業|キャリア教育|企業連携|探究,2003
https://www.oist.jp/ja/science-festival,年次,OISTサイエンスフェスタ,沖縄科学技術大学院大学が開く一般公開イベント。研究者と語り合うサイエンスカフェや実験ショー、工作など、子どもから大人まで科学の楽しさを体感できる企画を実施する。,沖縄科学技術大学院大学（OIST）,大学・研究機関,,展示・施設イベント,全年齢,知識習得|興味喚起,大規模（50+）,入門,予約（日時指定）,0,,一般公開|サイエンスカフェ|実験ショー|沖縄,2012
https://vaience.com/,週次,VAIENCE（バイエンス）,極限環境や宇宙・生物の現象をCGでシミュレートし解説する科学体験動画チャンネル、もしもの科学をリアルに描く。,VAIENCE,クリエイター・YouTuber,,動画・オンライン講座,中学生|高校生|社会人,興味喚起|エンタメ,1人,入門,無料,0,オンライン参加可,科学|宇宙|CG|動画,
https://www.sciencemanga.com/,手動,はやのん理系漫画制作室,理系漫画家はやのんが大学や研究機関の研究紹介漫画やサイエンスイラストを制作、研究成果をわかりやすく伝える。,はやのん理系漫画制作室,クリエイター・YouTuber,,書籍・図鑑,高校生|大学生・院生|社会人,知識習得|興味喚起,1人,入門,要見積もり,,,理系漫画|研究紹介|イラスト|広報,2007
https://www.youtube.com/channel/UCJHZshDuIrd_6MaT8MIjFtg,週次,るーいのゆっくり科学,物理・化学・生物・数学など科学全般をゆっくり解説形式でわかりやすく紹介するYouTubeチャンネル。,るーい,クリエイター・YouTuber,,動画・オンライン講座,中学生|高校生|社会人,興味喚起|知識習得,1人,入門,無料,0,オンライン参加可,科学|ゆっくり解説|雑学|動画,
https://www.artec-kk.co.jp/,月次,アーテック,大阪府八尾市に本社を置く学校向け総合教材メーカー。理科の実験キットや科学工作、ロボット・プログラミング教材まで、遊びから学びにつなげる製品を幅広く開発している。,株式会社アーテック,企業・メーカー,,実験キット,未就学児|小学生|中学生,探究・自由研究|スキル習得,1人,初級,購入（買い切り）,,,実験キット|工作|教材|STEAM,1960
https://imacocollabo.or.jp/2030sdgs/,月次,カードゲーム「2030 SDGs」,SDGsの17目標を達成するまでの道のりを疑似体験するカードゲーム。参加者の行動で世界の経済・環境・社会の状況が変化し、目標が必要な理由を体感的に理解できる。公認ファシリテーターが進行する。,一般社団法人イマココラボ,NPO・団体,,ボードゲーム・カード,高校生|大学生・院生|社会人,知識習得|態度・行動変容,中規模（10〜50）,入門,予約（日時指定）,,,SDGs|持続可能性|対話|研修,
https://www.kenis.co.jp/products/research/optics/,手動,ケニス 光学機器,理化学機器メーカーが扱う顕微鏡やルーペ、照明装置などの光学機器。国内外の主要ブランドに加え、高性能かつ低コストの自社ブランド顕微鏡も展開している。,ケニス株式会社,企業・メーカー,,観察器具,高校生|大学生・院生|社会人,スキル習得|知識習得,1人,中級,購入（買い切り）,,,顕微鏡|ルーペ|光学機器|観察,2000
https://www.kenko-tokina.co.jp/optics/micro_scope/,手動,ケンコー・トキナー 顕微鏡,光学機器メーカーが展開する学習用顕微鏡のシリーズ。自由研究向けの手軽なモデルから拡大ビュア付きの高倍率タイプまでそろい、身近なものの微細な世界を観察できる。,株式会社ケンコー・トキナー,企業・メーカー,,観察器具,小学生|中学生,探究・自由研究|興味喚起,1人,入門,購入（買い切り）,,,顕微鏡|観察|自由研究|ミクロ,2000
https://www.jst.go.jp/sis/scienceagora/,年次,サイエンスアゴラ,科学と社会をつなぐ広場をうたう国内最大級の科学イベント。研究者や企業、NPO、市民が数多くの企画を出展し、対話や体験を通じてこれからの科学のあり方を一緒に考える場をつくる。,科学技術振興機構（JST）,自治体・公的機関,,講演・トークイベント,全年齢,知識習得|興味喚起,大規模（50+）,入門,無料,0,オンライン参加可,科学と社会|対話|フォーラム|出展企画,
https://scien-talk.com/,週次,サイエントーク,研究者と非専門家の二人が科学をエンターテインメントとして語る音声番組。最新研究から科学史まで雑談形式で扱い、科学系ポッドキャストの日という企画も主導している。,サイエントーク,クリエイター・YouTuber,,動画・オンライン講座,高校生|大学生・院生|社会人,興味喚起|知識習得|エンタメ,1人,入門,無料,0,,ポッドキャスト|科学史|研究者|雑談,2021
https://www.benesse.co.jp/zemi/challengeschool/online-tankyu/,月次,チャレンジスクール オンライン探究学習,通信教育事業者が運営する少人数のオンライン講座。週1回60分のレッスンで、クイズと手を動かすワークを通じて試行錯誤しながら学びを深める構成にしている。,株式会社ベネッセコーポレーション,EdTech,,ワークショップ,小学生,探究・自由研究|スキル習得,少人数（2〜10）,入門,サブスク,,オンライン参加可,探究学習|オンライン|少人数|ワーク,2021
https://www.rika.com/,週次,ナリカ 理科ドットコム,1918年創業の理科実験機器メーカー商社が運営する製品サイト。小中高の観察・実験に使う器具や消耗品、実験セットを教科書の単元に合わせて探せるようにしている。,株式会社ナリカ,企業・メーカー,,実験キット,小学生|中学生|高校生,知識習得|スキル習得,中規模（10〜50）,初級,購入（買い切り）,,,理科実験|実験器具|教材|授業,1918
https://www.rika.com/nsa,月次,ナリカサイエンスアカデミー,理科実験機器メーカーが教員や教員志望の学生向けに開く実験実技講習。観察・実験を安全かつ効果的に行う手法を、実験室での実習やオンラインで学べる。,株式会社ナリカ,企業・メーカー,,ワークショップ,大学生・院生|社会人,スキル習得|リスキリング,中規模（10〜50）,中級,購入（買い切り）,2000,オンライン参加可,教員研修|理科実験|実技|観察,2014
https://lne.st/business/science-workshop/,月次,リバネス 出前実験教室,株式会社リバネスの若手研究者が学校を訪ね、先端科学を題材にしたオリジナル実験教室を行う出張プログラムです。少人数に手厚く対応し、研究の面白さを直接伝える。,株式会社リバネス,企業・メーカー,,出張授業,中学生|高校生,興味喚起|進路・キャリア|探究・自由研究,中規模（10〜50）,初級,要見積もり,,,実験教室|先端科学|出前授業|研究者,2001
https://costep.open-ed.hokudai.ac.jp/,月次,北海道大学 CoSTEP（科学技術コミュニケーター養成プログラム）,科学技術コミュニケーターを育てる北海道大学の教育プログラム。ライティングや対話、映像などの技法を1年間で学ぶ。社会人も受講できる。,北海道大学,大学・研究機関,,動画・オンライン講座,大学生・院生|社会人,スキル習得|リスキリング|進路・キャリア,1人,中級,購入（買い切り）,162800,オンライン参加可,科学コミュニケーション|養成|サイエンスライティング,2005
https://www.hus.ac.jp/delivery-class/,年次,北海道科学大学 出前授業,北海道の私立大学が中学・高校向けに行う出前授業。大学教員が学校に出向き、工学や医療、健康など多彩なテーマで講義し、学問への関心と進路選択を後押しする。,北海道科学大学,大学・研究機関,,出張授業,中学生|高校生,知識習得|進路・キャリア,中規模（10〜50）,中級,無料,0,,出前授業|大学教員|進路|北海道,2015
https://biomedical.doshisha.ac.jp/biomedical/science_communicator/science_communicator.html,年次,同志社大学 サイエンスコミュニケーター養成副専攻,同志社大学が2016年に全国で初めて開講した文理横断型の副専攻です。メディアや産業界からのゲスト講義やインターンを通じ、科学と社会をつなぐ人材を育成する。,同志社大学,大学・研究機関,,ワークショップ,大学生・院生,スキル習得|進路・キャリア,中規模（10〜50）,中級,要見積もり,,,サイエンスコミュニケーション|人材育成|副専攻|科学と社会,2016
https://www.kahaku.go.jp/learning/university/partnership/sc/sc.php,年次,国立科学博物館 サイエンスコミュニケータ養成実践講座,国立科学博物館が2006年から続ける養成講座です。科学と社会をつなぐコミュニケーターに必要な理論と実践を学べ、大学院との連携で単位認定も行われている。,国立科学博物館,科学館・博物館,,ワークショップ,大学生・院生|社会人,スキル習得|進路・キャリア,中規模（10〜50）,中級,要見積もり,,,サイエンスコミュニケーター|養成講座|博物館|対話,2006
https://www.seibundo-shinkosha.net/magazine/kodomonokagaku/,月次,子供の科学（KoKa）,1924年創刊の小中学生向け科学月刊誌。宇宙や生き物、テクノロジーの話題をわかりやすく解説し、毎号の実験・工作やプログラミング記事で手を動かす学びも提供する。付録付きの号も多い。,株式会社誠文堂新光社,出版社,,書籍・図鑑,小学生|中学生,知識習得|興味喚起|探究・自由研究,1人,入門,購入（買い切り）,770,,科学雑誌|実験・工作|プログラミング|自由研究,1924
https://manabi-mirai.mext.go.jp/program/index.html,月次,学校と地域でつくる学びの未来 企業等による教育プログラム,文部科学省が集約した企業・団体・大学の出前授業プログラムの検索サイト。理科実験や環境、ものづくり、プログラミングなど分野別に探すことができ、学校が直接申し込める。,文部科学省,自治体・公的機関,,出張授業,小学生|中学生|高校生,知識習得|進路・キャリア,中規模（10〜50）,入門,無料,0,,出前授業|企業連携|土曜学習応援団|理科実験,
https://kagaku.gakken.jp/,半年,学研の科学と学習,学研が刊行する実験・観察キット付きのムックシリーズです。鉱物標本や天体望遠鏡など毎号異なるテーマのほんもの体験キットが付き、科学の原理を手を動かして学べる。,株式会社Gakken,出版社,,実験キット,小学生,興味喚起|探究・自由研究|知識習得,1人,入門,購入（買い切り）,,,実験キット|自由研究|科学|観察,2022
https://www.shogakukan.co.jp/pr/neo/,手動,小学館の図鑑NEO,昆虫や恐竜、宇宙、地球など分野ごとに刊行される小学館の学習図鑑シリーズ。美しい写真と図版で解説し、DVD付きの巻もある。調べ学習や自由研究の基礎資料として長く使える。,株式会社小学館,出版社,,書籍・図鑑,未就学児|小学生,知識習得|興味喚起|探究・自由研究,1人,入門,購入（買い切り）,,,図鑑|昆虫|恐竜|調べ学習,
https://tankyugakusyu.shopro.co.jp/,月次,小学館の探究楽習,出版社系企業が提供する小学生向けオンライン探究学習。3D空間に入り込んで科学や生物のテーマの謎に迫り、専門家の話をもとに参加者どうしで対話しながら考えを深める。,株式会社小学館集英社プロダクション,EdTech,,ワークショップ,小学生,探究・自由研究|知識習得,中規模（10〜50）,入門,サブスク,,オンライン参加可,探究学習|3D空間|専門家|対話,2022
https://www.i-kahaku.jp/,週次,愛媛県総合科学博物館,自然・科学技術・産業の分野ごとに実物標本や模型を展示する四国の総合博物館。動く恐竜の展示やサイエンスショー、中高生の研究発表大会など学習の機会も設けている。,愛媛県総合科学博物館,科学館・博物館,,展示・施設イベント,全年齢,知識習得|興味喚起|探究・自由研究,大規模（50+）,入門,購入（買い切り）,,車椅子対応,恐竜|標本|サイエンスショー|愛媛,1994
https://www.scj.go.jp/ja/event/cafe.html,年次,日本学術会議 全国縦断サイエンスカフェ,研究者と市民がカフェのような場でコーヒーを飲みながら科学について語り合う対話イベント。講演会やシンポジウムとは異なる小規模で気軽な科学コミュニケーションの取り組み。,日本学術会議,自治体・公的機関,,講演・トークイベント,高校生|大学生・院生|社会人,知識習得|興味喚起,中規模（10〜50）,入門,無料,0,,サイエンスカフェ|対話|研究者|市民,
https://www.miraikan.jst.go.jp/,週次,日本科学未来館（Miraikan）,最先端の科学技術を体験展示や科学コミュニケーターとの対話で伝える国立の科学館。トーク、実演、企画展など多彩なプログラムを提供する。,科学技術振興機構（JST）,科学館・博物館,,展示・施設イベント,全年齢,知識習得|興味喚起,大規模（50+）,入門,予約（日時指定）,630,車椅子対応|手話対応|オンライン参加可,科学技術|ロボット|宇宙|対話,2001
https://www.hibikiasahori.com/,手動,朝堀響季（サイエンスイラストレーター）,自然科学分野のサイエンスイラストやカバーアートを制作するイラストレーター、研究を視覚的に伝える作品を手がける。,朝堀響季,クリエイター・YouTuber,,書籍・図鑑,大学生・院生|社会人,知識習得|興味喚起,1人,中級,要見積もり,,,サイエンスイラスト|論文カバー|研究広報|化学,2019
https://www.tohoku.ac.jp/japanese/social/relation/03/relation0304/,年次,東北大学サイエンスキャンパス,東北大学工学研究科・工学部が小中高生向けに行う体験型科学教室、大学の研究に触れながら科学のおもしろさを学べる。,東北大学,大学・研究機関,,ワークショップ,小学生|中学生|高校生,興味喚起|進路・キャリア,中規模（10〜50）,入門,予約（日時指定）,,,科学教室|工学|体験|進路,
https://www.aist.go.jp/aist_j/public/delivery_lectures/index.html,年次,産総研 出前授業「科学講座・実験教室」,産業技術総合研究所による出前授業です。研究者が学校や公共施設を訪れ、それぞれの専門分野について講義や実験教室を行い、科学技術に親しむ機会を提供している。,産業技術総合研究所,大学・研究機関,,出張授業,高校生,知識習得|進路・キャリア,中規模（10〜50）,中級,要見積もり,,,出前授業|実験教室|産総研|科学技術,
https://publications.asahi.com/original/shoseki/sv/index.html,半年,科学漫画サバイバルシリーズ（朝日新聞出版）,累計1500万部超の学習漫画。生き物・宇宙・災害・AIなど幅広い科学テーマを、手に汗握る冒険物語で描き、読むうちに理科の知識が身につく。,朝日新聞出版,出版社,,書籍・図鑑,小学生,知識習得|興味喚起,1人,入門,購入（買い切り）,1100,,学習漫画|理科|冒険|生き物,2008
https://www.city.tomakomai.hokkaido.jp/kagaku/,月次,苫小牧市科学センター,北海道苫小牧市の科学施設で、宇宙ステーション「ミール」の実物展示やプラネタリウム投影を行う。科学ふれあい教室や工作教室、サイエンス・カフェも開催している。,苫小牧市,科学館・博物館,,展示・施設イベント,全年齢,知識習得|興味喚起,中規模（10〜50）,入門,無料,0,,ミール|プラネタリウム|工作教室|苫小牧,1975
https://cocreco.kodansha.co.jp/move,月次,講談社の動く図鑑MOVE,迫力ある写真とNHKの映像を収めたDVDで学べる講談社の学習図鑑シリーズ。動物や恐竜、宇宙など幅広いテーマを扱い、映像と誌面の両方から子どもの好奇心を引き出す。,株式会社講談社,出版社,,書籍・図鑑,未就学児|小学生,知識習得|興味喚起,1人,入門,購入（買い切り）,,,図鑑|映像|生きもの|恐竜,
https://otepia.kochi.jp/science/,月次,高知みらい科学館,高知市の複合施設オーテピア内にある科学館。プラネタリウムと常設展示に加え、実験・体験プログラムやサイエンスクラブ、星空観望会を通じて科学に親しむ場を提供する。,高知市,科学館・博物館,,展示・施設イベント,全年齢,知識習得|興味喚起,中規模（10〜50）,入門,予約（日時指定）,,,プラネタリウム|実験|星空観望会|高知,2018
https://www.k-kagaku.jp/,週次,鹿児島市立科学館,鹿児島市の科学館で、一千万個の星を映すプラネタリウムと大型映写機のドームシネマを備える。桜島やロケットを題材に、自然界の法則や宇宙をわかりやすく紹介する。,公益財団法人かごしま教育文化振興財団,科学館・博物館,,展示・施設イベント,全年齢,知識習得|興味喚起,大規模（50+）,入門,購入（買い切り）,,,プラネタリウム|桜島|ロケット|鹿児島,1990
